CRIM,ZN,INDUS,CHAS,NOX,RM,AGE,DIS,RAD,TAX,PTRATIO,B,LSTAT,MEDV
7.2126,0.0,5.49,0,0.55,5.654,8.0,7.6958,7,573,20.3,71.28,10.66,22.6
7.0086,0.0,1.33,0,0.609,5.569,60.4,1.8872,4,551,17.8,164.5,7.54,23.1
7.1543,20.0,3.43,0,0.463,6.273,13.7,11.3673,3,614,18.4,312.36,14.69,23.5
0.8394,0.0,16.93,0,0.77,6.237,26.0,11.406,4,663,13.2,360.8,29.85,11.9
0.2593,12.5,6.9,0,0.508,5.668,34.2,7.1066,24,649,14.5,235.74,26.93,15.4
4.358,0.0,15.58,0,0.455,6.087,73.6,7.883,4,281,17.8,119.04,25.87,19.1
4.2299,25.0,16.14,0,0.501,7.161,20.0,4.3108,1,590,13.2,270.9,31.81,22.5
9.3729,0.0,23.01,0,0.793,5.736,18.2,1.8037,3,392,19.6,293.85,11.76,17.6
0.2379,0.0,0.63,0,0.542,5.324,6.4,9.2121,2,398,20.5,132.07,14.03,15.1
3.1397,25.0,23.11,0,0.716,6.96,87.6,2.2196,7,526,21.3,328.11,3.24,31.8
0.2113,80.0,16.91,0,0.8,6.645,70.0,2.0411,8,502,13.6,29.55,33.24,7.3
3.2671,0.0,4.81,0,0.418,5.866,5.9,4.5235,8,406,21.4,4.58,22.84,16.9
5.194,12.5,20.98,0,0.755,5.192,4.8,1.2371,6,710,13.2,49.09,12.52,22.9
1.1607,35.0,23.17,1,0.531,5.779,56.8,5.8744,7,278,17.1,62.19,4.22,23.2
3.6948,25.0,7.24,0,0.486,6.262,29.7,8.8845,4,237,20.5,348.89,27.96,14.7
0.4613,35.0,24.85,0,0.718,7.116,60.5,9.9148,6,202,13.3,168.86,28.88,20.5
0.2747,12.5,12.54,0,0.826,5.574,44.6,7.7474,1,613,12.8,109.35,25.88,10.8
0.9455,0.0,16.49,0,0.525,6.241,92.5,10.4156,5,400,12.8,170.48,9.1,30.9
2.7036,25.0,26.59,0,0.659,6.773,30.2,5.5715,6,416,17.4,156.91,34.85,14.9
1.239,0.0,10.08,0,0.522,4.633,68.6,10.4365,1,527,20.2,119.87,29.04,5.1
3.7422,0.0,22.05,0,0.652,7.024,7.3,6.6712,5,415,13.8,55.01,25.58,23.8
0.6707,20.0,8.94,0,0.685,5.472,95.7,3.5534,7,487,13.8,260.44,25.33,12.8
5.5139,25.0,21.68,0,0.679,6.532,98.1,11.4856,4,217,17.9,54.49,34.53,18.9
3.6813,0.0,16.42,0,0.686,6.473,74.4,4.1247,5,268,14.8,307.84,35.4,12.9
1.9674,20.0,6.23,0,0.446,7.059,47.6,1.3882,3,675,19.5,80.31,23.32,24.0
1.2513,0.0,11.47,0,0.72,6.686,23.6,3.7694,3,423,21.5,290.37,16.83,17.0
1.36,20.0,8.92,0,0.711,,81.6,5.1336,2,274,19.8,319.8,14.9,9.2
0.2312,80.0,2.57,0,0.714,5.751,74.2,4.9648,3,380,20.8,50.02,31.43,10.1
0.5389,0.0,1.29,0,0.416,6.397,23.8,6.8713,8,362,17.5,34.72,25.1,17.1
2.056,80.0,9.68,0,0.599,6.164,46.2,10.8144,24,330,20.4,376.9,4.5,21.6
1.166,12.5,1.0,0,0.58,6.634,47.4,4.3157,6,340,14.3,183.96,6.86,31.0
3.7926,35.0,4.89,0,0.422,6.853,83.0,6.8285,6,569,13.2,250.26,34.38,22.3
2.1255,12.5,19.72,0,0.489,6.726,69.0,4.8415,6,242,18.8,9.54,33.81,15.7
0.7138,0.0,19.26,0,0.596,6.15,65.0,10.1395,5,349,13.1,110.85,36.25,11.5
1.3833,35.0,20.07,0,0.744,5.008,65.7,2.8336,4,432,21.0,200.75,17.23,6.3
1.9247,25.0,8.9,0,0.496,5.981,28.5,2.2386,6,470,19.1,351.78,30.16,13.9
1.0315,0.0,24.09,0,0.787,6.591,38.4,6.6329,8,648,21.6,107.97,31.76,12.6
0.9657,25.0,16.24,1,0.647,5.537,6.5,8.4908,4,670,15.6,307.75,13.16,15.6
2.6367,35.0,3.84,0,0.753,6.742,79.1,9.8508,6,342,17.2,262.94,6.98,30.5
0.8908,12.5,4.31,0,0.612,6.936,44.4,7.5859,5,469,19.6,46.03,37.89,14.6
4.0011,80.0,18.87,0,0.625,6.389,44.9,9.6123,3,198,14.9,116.67,2.8,33.1
4.1726,25.0,5.08,0,0.684,4.155,26.0,5.4198,3,510,17.7,94.65,23.38,5.2
3.2522,0.0,13.94,0,0.835,5.405,22.5,1.4615,1,267,18.8,175.82,25.3,9.6
0.2191,0.0,26.78,0,0.621,7.62,59.6,2.3771,4,225,21.8,252.28,26.45,23.4
3.4022,25.0,0.61,0,0.639,5.917,24.8,1.5259,7,538,19.6,172.21,10.98,23.0
4.063,0.0,0.94,0,0.675,4.911,8.3,4.7184,7,280,13.7,97.3,27.89,5.0
3.3661,35.0,26.82,0,0.741,7.165,77.2,6.5504,24,437,17.1,276.29,9.56,25.9
0.8401,20.0,15.99,0,0.415,6.309,38.9,5.0195,1,239,18.1,232.11,31.79,13.9
0.9628,12.5,3.86,0,0.633,7.073,39.3,7.2666,7,577,14.0,206.27,9.65,31.2
0.4972,0.0,24.28,0,0.616,6.494,44.3,6.3867,8,587,16.7,220.19,26.99,18.4
1.0631,25.0,23.83,0,0.832,6.621,81.9,8.5574,4,488,15.3,88.32,30.14,15.3
0.0634,0.0,14.71,0,0.622,6.554,33.4,8.4366,3,625,13.7,270.17,8.56,31.8
0.5021,12.5,16.98,0,0.609,6.788,76.3,4.5987,4,415,17.4,153.99,10.34,30.7
3.9452,35.0,7.74,0,0.851,7.894,94.1,4.9084,7,284,14.2,144.46,29.98,20.4
11.9873,80.0,1.84,0,0.601,6.98,66.8,7.5366,8,266,18.2,59.7,4.82,31.7
1.6906,80.0,16.26,0,0.469,5.194,44.3,7.6608,6,301,14.2,237.01,8.62,20.8
0.8521,80.0,8.31,0,0.486,6.613,75.3,4.5617,5,291,19.4,239.32,18.24,23.0
1.1933,20.0,18.09,0,0.427,7.099,46.9,4.7335,6,356,14.4,135.28,35.47,20.4
1.084,0.0,22.66,0,0.38,7.142,42.6,8.7345,1,299,21.0,341.32,22.1,17.5
0.3889,35.0,0.98,0,0.592,6.001,53.5,8.2215,6,496,12.8,335.61,15.77,28.1
3.25,35.0,16.29,0,0.757,7.115,33.1,2.5856,1,264,17.5,43.57,37.21,14.6
4.1275,80.0,6.63,1,0.739,,12.2,5.9515,24,512,15.6,275.96,18.53,22.3
4.5234,25.0,23.66,1,0.396,8.101,42.7,10.9198,24,362,14.7,156.51,17.44,39.9
15.9296,0.0,7.22,0,0.659,5.775,14.1,1.4994,5,546,17.0,396.79,16.64,16.3
6.32,20.0,16.69,0,0.456,5.945,42.2,10.5068,4,455,20.5,89.56,13.03,21.9
4.9346,12.5,15.17,0,0.841,6.086,56.6,2.895,7,661,21.2,111.57,13.52,16.3
3.1305,35.0,11.0,0,0.462,5.957,93.2,6.6797,6,417,15.5,175.65,26.67,20.3
1.7776,12.5,18.46,0,0.687,5.677,,5.7677,7,341,14.0,106.89,3.18,25.7
0.1334,0.0,19.73,0,0.54,4.366,,1.2114,5,495,19.4,274.75,26.45,5.1
2.8698,0.0,15.52,0,0.694,5.996,46.9,11.1694,3,532,18.1,191.04,,25.3
1.8641,35.0,20.6,0,0.582,6.559,4.0,6.1042,1,417,14.5,87.92,15.65,26.7
4.5239,35.0,26.56,0,0.752,5.955,26.5,11.597,3,480,19.7,201.14,7.02,21.8
6.084,0.0,11.61,1,0.493,7.655,13.6,4.2542,5,433,17.5,352.8,21.76,30.5
0.9962,12.5,14.14,0,0.824,6.309,23.2,10.629,4,347,18.7,314.57,28.18,17.9
0.1493,12.5,0.83,0,0.625,7.204,28.9,11.2463,5,351,16.0,198.15,14.57,29.5
2.7745,12.5,21.59,0,0.75,6.483,41.3,7.2252,3,662,16.7,114.73,7.63,26.6
7.6603,80.0,14.29,0,0.796,6.878,53.8,3.3295,24,540,14.3,71.66,9.92,27.9
2.4632,0.0,11.31,0,0.869,6.495,2.1,8.6377,4,237,19.7,348.67,31.4,13.4
6.3928,0.0,2.99,0,0.49,7.258,17.9,7.1388,8,691,14.1,281.96,11.42,31.6
2.259,0.0,24.08,0,0.521,6.339,11.2,11.4898,4,560,19.9,227.23,29.82,14.0
3.942,0.0,10.97,0,0.503,6.647,55.9,5.932,4,213,20.1,349.09,13.72,21.9
0.8663,80.0,18.59,0,0.509,6.556,34.2,4.0537,6,568,19.6,48.58,8.55,25.4
0.4033,80.0,4.46,0,0.665,6.098,55.7,2.6212,3,495,12.8,270.98,28.1,14.6
0.4274,0.0,25.98,0,0.867,6.583,23.7,8.785,2,666,15.2,86.26,18.71,20.2
0.353,25.0,5.23,0,0.865,7.864,4.4,11.8152,4,443,17.0,48.14,2.84,39.8
0.164,0.0,5.79,0,0.638,6.111,94.3,1.4118,8,458,18.2,184.97,36.55,10.2
5.1498,0.0,23.26,0,0.693,6.594,12.6,9.2449,2,351,21.2,153.95,7.06,23.8
1.3458,0.0,24.68,0,0.801,7.18,14.4,11.2962,4,355,16.1,373.57,14.53,24.9
1.1584,0.0,6.12,0,0.837,7.098,16.4,1.9226,7,510,20.8,128.8,15.67,25.8
2.8049,12.5,12.95,0,0.48,6.308,98.2,2.3119,7,620,14.1,323.49,19.47,25.6
0.5618,80.0,19.94,0,0.639,4.632,62.5,8.7115,4,653,16.1,297.29,30.21,5.0
5.7549,20.0,23.78,0,0.788,6.662,61.8,8.2276,1,590,13.1,265.21,1.92,30.5
3.8759,25.0,10.54,0,0.529,4.746,98.7,1.8571,1,506,19.6,365.33,35.55,5.0
0.9877,12.5,14.2,0,0.596,7.329,10.7,10.2787,5,449,14.0,162.09,25.15,22.8
0.6018,0.0,20.16,0,0.863,6.419,97.5,6.8577,8,364,15.0,154.86,36.21,10.7
1.5931,0.0,19.88,0,0.863,7.0,22.0,11.0792,1,589,19.9,64.15,31.37,18.7
0.9145,0.0,21.25,0,0.824,5.669,63.1,10.7579,8,353,17.6,109.68,35.38,5.5
0.2272,0.0,15.6,0,0.771,5.213,43.2,10.0376,7,327,12.7,349.22,23.52,10.0
1.5107,35.0,3.27,0,0.512,6.483,39.6,6.7749,1,641,12.6,188.45,14.67,28.1
6.7556,35.0,24.46,1,0.537,6.276,,3.8688,4,495,17.4,135.69,17.78,20.4
3.0265,35.0,23.44,0,0.648,5.956,,6.6657,2,372,15.5,86.03,25.59,12.0
9.2472,25.0,21.65,0,0.655,6.359,99.7,2.2089,24,640,14.3,192.65,17.2,23.6
6.1393,20.0,3.15,1,0.628,,39.2,8.3473,5,691,18.4,284.54,28.26,28.4
3.3537,25.0,5.92,0,0.692,6.884,65.6,2.5737,3,353,14.7,114.02,5.03,31.0
5.5518,12.5,20.21,0,0.58,7.035,96.9,6.7229,3,460,18.2,300.82,31.83,16.6
2.1808,25.0,1.11,0,0.747,6.891,7.6,1.6982,6,440,16.2,250.08,9.11,26.1
3.2035,35.0,26.45,0,0.543,7.336,92.4,4.3946,1,554,14.4,312.65,35.97,19.0
1.1407,35.0,10.49,0,0.542,6.167,57.6,3.6529,3,685,13.9,99.83,7.35,27.2
0.6572,20.0,19.56,0,0.442,4.862,71.0,7.9203,2,474,14.8,250.57,6.39,19.8
6.4348,0.0,24.02,0,0.472,6.168,16.6,9.7547,6,605,12.9,61.29,31.17,20.4
0.4209,25.0,10.96,0,0.797,6.868,54.3,1.7303,7,499,15.5,144.59,31.42,16.7
0.5637,0.0,8.96,1,0.599,5.621,68.0,10.4531,5,651,21.1,287.59,28.52,10.9
0.9307,25.0,16.63,1,0.492,6.177,46.7,10.5684,2,399,20.4,250.83,36.57,12.1
2.9025,20.0,15.9,0,0.752,5.816,17.2,4.865,4,388,16.1,74.82,11.52,22.1
1.2415,80.0,11.34,0,0.651,7.351,25.9,8.349,8,408,18.0,340.72,31.71,18.1
2.0534,0.0,16.45,0,0.39,6.825,85.7,5.5287,2,709,17.9,21.48,14.48,29.0
6.4793,80.0,25.29,0,0.535,,5.4,2.7961,2,507,20.4,236.37,21.21,20.5
4.6252,35.0,12.89,0,0.467,6.735,71.5,6.9153,2,266,14.8,390.48,17.88,27.3
3.5137,0.0,5.71,1,0.701,6.274,99.9,2.05,8,208,15.4,211.1,1.91,30.1
0.5128,12.5,10.5,0,0.515,6.438,2.7,10.7632,2,458,15.4,317.85,22.55,20.6
3.5683,20.0,10.94,0,0.412,5.47,17.8,11.2672,6,609,13.0,236.36,28.83,11.3
1.3634,35.0,3.97,0,0.407,4.769,68.1,10.1377,24,438,15.6,310.88,8.04,20.9
0.3713,25.0,4.82,0,0.665,6.405,7.9,7.2878,6,480,20.9,260.32,35.52,9.4
1.1983,35.0,18.64,0,0.391,6.527,59.8,7.2336,4,605,21.2,274.41,20.95,17.5
0.2117,0.0,9.5,0,0.796,7.146,69.0,11.9307,2,457,13.6,90.67,8.17,32.2
2.7453,20.0,25.8,0,0.456,7.4,59.6,3.8269,1,663,16.9,294.51,,27.7
2.915,12.5,6.96,0,0.677,7.399,37.8,1.9354,2,521,16.2,94.67,8.67,37.9
0.8829,80.0,3.12,0,0.598,5.601,70.3,7.2814,24,570,17.2,389.22,4.01,23.9
0.1375,0.0,20.47,0,0.597,6.053,60.2,4.7166,2,596,17.8,90.66,26.58,13.7
8.1879,20.0,23.85,0,0.415,6.636,22.3,4.6457,1,515,12.8,94.18,5.72,31.2
2.4234,0.0,7.87,1,0.773,8.072,57.2,1.1779,8,213,20.5,340.85,5.56,35.5
4.4642,35.0,5.86,0,0.818,7.336,88.4,7.6586,4,410,21.8,96.68,28.56,17.1
1.0584,12.5,5.42,0,0.385,7.084,67.3,4.0044,4,261,18.7,143.45,3.7,33.9
5.0292,0.0,14.33,0,0.468,6.029,48.2,3.1664,7,454,18.8,283.73,31.09,12.6
4.9238,20.0,12.91,1,0.823,5.682,33.5,1.5448,5,262,17.6,63.28,30.6,5.0
0.2794,12.5,7.38,0,0.649,6.852,10.4,5.108,24,453,15.7,63.4,6.83,32.9
16.2948,35.0,1.7,0,0.454,5.53,26.0,10.7687,5,367,14.0,193.2,20.52,15.5
2.0208,20.0,13.26,0,0.479,6.133,3.1,4.8034,7,197,18.1,96.97,5.21,28.2
4.1933,20.0,25.92,0,0.703,6.22,98.7,8.5698,8,252,13.0,93.78,24.66,14.3
0.7311,0.0,17.79,1,0.735,7.415,23.8,9.422,5,450,20.4,3.98,3.98,31.3
2.9515,0.0,13.63,0,0.674,,81.9,4.7091,3,228,16.6,147.23,35.98,8.5
0.8587,12.5,3.43,1,0.847,4.593,18.5,10.138,24,635,16.5,126.53,9.24,13.1
4.8418,80.0,7.19,0,0.622,6.653,29.8,8.7107,3,584,15.7,12.68,26.49,19.8
1.3892,80.0,8.31,0,0.527,5.811,43.0,7.2517,1,558,21.7,246.69,6.36,26.7
2.3373,25.0,20.77,0,0.614,6.33,33.8,1.1109,6,277,14.2,248.84,,28.9
1.5842,25.0,23.73,0,0.556,6.239,80.2,1.486,24,603,14.0,28.4,18.07,24.9
2.2605,12.5,24.39,0,0.49,6.108,95.9,11.9995,1,519,14.2,126.05,22.5,23.4
1.4169,0.0,26.59,1,0.403,6.853,87.8,9.7051,8,391,18.8,346.46,37.96,16.4
1.839,0.0,26.53,0,0.553,5.227,17.1,11.4132,8,187,21.9,231.2,2.64,21.5
0.0862,0.0,25.75,0,0.729,5.938,78.1,11.0253,24,464,14.8,163.7,1.71,29.8
4.7625,0.0,2.4,0,0.389,6.779,16.5,1.3249,4,604,21.1,184.77,14.42,28.9
7.5289,0.0,4.15,0,0.595,5.87,91.5,9.8103,3,204,15.2,82.92,14.99,22.2
1.7429,0.0,8.57,0,0.696,5.174,52.8,6.0626,5,214,18.7,322.3,33.78,5.0
10.2123,0.0,15.15,0,0.679,6.768,35.0,9.7851,2,387,13.0,362.8,34.83,13.1
0.5043,20.0,3.07,0,0.761,7.086,17.4,1.1739,8,455,17.3,361.47,33.66,14.8
8.3539,80.0,22.91,0,0.777,6.269,3.2,4.2702,6,435,18.8,89.13,6.9,25.4
1.0931,25.0,16.84,0,0.729,4.927,26.3,9.3646,5,410,17.6,123.55,16.66,11.9
2.006,12.5,14.87,0,0.43,6.794,91.6,9.8232,5,320,14.8,64.02,28.78,23.8
7.311,12.5,4.88,1,0.613,5.138,80.1,7.9169,7,218,20.4,122.15,13.05,17.8
0.3808,0.0,7.21,0,0.676,6.516,97.0,4.4138,5,203,21.7,132.3,25.78,18.0
0.573,0.0,4.75,0,0.5,5.679,,4.514,8,238,16.9,251.4,10.31,25.8
4.0276,20.0,23.08,0,0.401,5.488,60.0,11.7344,24,548,18.6,75.53,13.44,18.1
2.9471,20.0,15.98,0,0.49,5.991,27.2,5.9313,24,598,20.0,364.93,32.93,12.1
0.8639,0.0,19.98,1,0.603,6.172,55.2,6.0184,6,414,14.9,41.21,10.79,24.1
1.3301,12.5,8.34,0,0.583,5.849,33.4,7.1757,7,227,20.7,3.05,36.7,5.0
2.2496,0.0,10.34,0,0.467,6.712,29.8,5.6045,3,404,15.2,339.37,12.82,28.3
5.6993,0.0,11.23,1,0.784,5.988,58.2,7.1794,1,703,19.9,279.42,2.55,27.0
1.075,25.0,20.64,1,0.834,6.986,20.0,5.8557,4,317,13.7,141.25,10.95,29.0
2.2952,20.0,20.97,0,0.479,6.497,48.0,10.1939,8,444,15.3,236.48,7.91,34.6
1.0626,25.0,5.98,0,0.835,5.812,65.8,11.0996,2,468,17.6,88.97,20.1,14.5
0.913,25.0,25.45,0,0.389,5.694,14.6,11.3532,5,359,17.5,67.1,5.79,32.1
6.4006,80.0,3.7,0,0.833,5.147,93.2,7.3073,2,416,20.6,187.17,24.43,6.4
1.6697,35.0,24.25,0,0.846,6.504,51.6,5.9636,4,434,22.0,140.39,33.46,8.8
4.0183,20.0,3.16,0,0.386,6.052,82.3,8.8576,2,435,13.6,244.31,14.86,22.6
0.9081,80.0,7.51,0,0.754,4.639,66.1,10.3216,7,563,15.2,86.83,7.82,18.4
0.5581,12.5,22.93,0,0.855,5.925,71.6,7.2928,8,491,16.0,263.22,16.22,16.4
3.4272,80.0,5.26,0,0.824,5.669,72.2,8.7998,7,214,17.1,304.44,30.23,6.5
4.2524,35.0,11.46,0,0.856,7.403,87.8,9.347,7,190,17.2,66.4,23.17,24.5
2.8527,25.0,12.42,0,0.65,5.108,62.1,8.5403,3,402,20.6,17.71,5.37,21.3
3.5621,80.0,7.0,0,0.418,5.291,29.3,9.3075,5,662,19.8,174.65,21.2,16.7
3.0566,20.0,19.32,0,0.796,7.077,11.8,3.3951,1,206,12.8,307.28,18.69,24.2
3.2759,25.0,23.06,1,0.681,7.25,61.4,6.5821,4,224,16.9,258.41,13.57,28.2
6.764,0.0,23.68,0,0.681,5.779,8.5,7.571,5,542,18.4,278.67,5.7,22.8
8.4704,80.0,9.49,0,0.584,5.858,25.6,1.1273,7,423,16.9,160.08,37.31,9.4
1.9871,20.0,14.57,0,0.66,6.731,7.9,10.5156,1,307,13.8,93.49,,33.4
0.2722,35.0,7.08,0,0.455,4.671,55.8,7.8103,8,295,16.3,211.21,8.7,19.6
4.2112,12.5,6.99,1,0.742,4.997,17.7,2.5205,5,535,16.5,81.37,6.98,22.2
2.5386,35.0,4.77,0,0.417,6.103,61.8,10.0799,8,461,14.4,288.33,22.4,22.9
7.3214,0.0,25.41,0,0.738,7.385,79.5,8.9876,5,521,19.7,78.43,17.81,24.0
3.1334,0.0,24.03,0,0.796,5.995,82.5,9.4413,5,333,15.6,115.83,10.76,23.4
0.4208,20.0,21.1,0,0.612,6.371,,5.4125,7,462,18.1,201.21,17.29,25.3
3.1476,25.0,14.22,0,0.63,,55.8,10.4962,8,637,17.4,193.34,26.15,25.3
1.7173,35.0,13.5,0,0.533,7.775,57.2,5.6543,2,352,20.8,238.6,11.93,35.2
0.3454,12.5,14.54,0,0.855,5.896,48.3,7.3756,5,394,13.7,173.8,34.92,8.1
0.8216,25.0,14.72,0,0.739,6.288,,1.1071,1,272,13.7,364.96,12.82,23.5
10.4281,20.0,12.02,0,0.561,7.575,22.6,8.1936,5,521,15.4,333.42,8.89,35.7
1.2088,80.0,3.99,0,0.466,5.234,98.0,8.9999,8,204,16.7,348.96,36.35,10.2
0.7743,25.0,3.83,0,0.488,7.019,11.6,7.3382,8,317,15.4,249.97,31.12,21.5
1.3323,12.5,25.73,1,0.607,5.587,83.3,6.5621,3,560,19.8,252.15,14.16,18.8
6.2021,80.0,13.27,0,0.842,6.372,60.2,10.0093,4,197,14.9,241.92,32.24,11.7
3.2665,0.0,25.76,0,0.74,6.13,26.0,8.5951,5,705,13.4,172.79,20.53,17.9
0.5931,80.0,4.83,0,0.485,5.629,75.1,4.1588,4,398,16.5,128.06,14.29,20.6
0.0244,0.0,15.19,0,0.801,5.612,10.3,11.6498,2,395,19.9,235.1,32.18,6.1
1.3141,0.0,6.0,0,0.565,6.493,77.9,8.8799,3,468,20.6,10.45,29.0,19.0
0.4519,35.0,7.21,0,0.797,6.997,59.8,11.9673,4,521,19.5,3.28,12.51,24.5
6.2024,25.0,1.3,1,0.498,6.209,12.9,11.7839,5,427,17.8,338.06,23.72,18.2
0.3198,80.0,3.65,0,0.683,6.349,9.8,11.208,24,650,19.4,18.73,15.11,19.3
2.0527,25.0,24.8,0,0.834,6.7,75.6,9.4091,5,691,19.0,208.44,1.74,30.4
3.0526,25.0,9.02,0,0.506,5.62,,7.8037,4,291,14.8,244.21,36.61,12.0
8.61,0.0,16.62,0,0.72,6.818,89.2,2.9939,6,557,17.8,78.91,21.65,23.6
0.8714,0.0,12.82,0,0.864,6.874,76.7,7.0769,7,344,19.8,355.55,23.42,17.8
5.2073,0.0,11.11,0,0.454,8.123,70.4,9.5191,4,708,15.6,75.71,23.48,32.6
2.291,0.0,14.59,0,0.423,6.037,29.3,6.8294,5,319,18.7,351.1,21.69,18.6
5.1901,0.0,5.46,0,0.71,5.979,71.5,10.6506,2,341,17.1,302.91,12.23,22.0
1.0744,20.0,26.7,1,0.546,,94.9,2.3062,8,561,17.3,95.79,36.97,15.3
0.9983,35.0,22.19,0,0.415,6.873,11.0,5.2903,8,600,13.4,60.1,24.27,25.3
0.7583,80.0,20.15,0,0.613,5.925,34.0,6.6656,2,254,18.9,125.73,26.05,14.0
3.1317,12.5,12.92,0,0.749,6.018,25.0,5.8556,4,478,20.7,158.14,18.21,16.9
1.9489,80.0,4.55,0,0.52,6.679,40.5,2.2945,3,368,13.9,97.79,,28.4
2.5982,80.0,24.9,0,0.544,5.721,74.7,2.7888,24,507,16.0,396.46,4.04,26.0
3.8485,35.0,9.55,0,0.794,6.013,48.5,10.3138,1,478,13.1,91.4,14.41,24.5
3.4622,12.5,1.83,0,0.635,6.363,57.9,6.4282,2,703,12.9,329.73,8.09,34.3
3.1359,0.0,9.57,0,0.793,6.997,32.8,1.6359,3,676,21.9,63.42,25.73,13.9
4.1962,80.0,21.55,0,0.599,5.877,15.8,1.2814,6,529,17.2,389.07,33.61,7.1
0.1033,0.0,17.0,0,0.847,5.01,28.2,6.3082,3,543,15.9,89.76,12.69,12.0
4.5148,12.5,20.4,0,0.699,4.958,86.2,2.9082,5,657,15.2,167.55,13.78,14.7
3.9012,0.0,21.53,0,0.437,5.418,61.0,8.8564,7,283,21.8,221.84,26.03,13.1
1.316,35.0,6.12,0,0.814,5.381,39.0,9.8486,8,567,15.0,48.02,7.12,21.4
0.7192,25.0,24.98,0,0.62,6.192,79.4,3.6113,1,591,19.4,324.25,35.44,10.2
2.1318,0.0,12.11,1,0.449,5.468,8.3,7.6139,2,253,15.3,109.25,14.91,21.7
6.0771,0.0,17.43,0,0.455,,26.9,2.7989,1,648,13.3,218.15,,26.8
0.9778,20.0,0.56,0,0.717,5.758,24.6,4.4394,24,553,19.0,218.29,8.04,20.7
4.2999,20.0,26.82,0,0.403,5.992,98.6,10.8768,6,368,12.6,239.32,35.56,13.8
8.9072,35.0,7.94,0,0.52,7.226,71.2,7.0851,5,440,19.0,22.32,10.67,26.8
1.1965,0.0,2.14,0,0.448,6.763,62.5,10.8448,8,443,15.0,67.19,25.74,20.0
12.9083,80.0,12.64,0,0.596,6.311,2.5,3.5777,6,668,19.6,64.25,7.37,22.7
0.1812,12.5,3.92,0,0.583,5.977,20.1,4.7303,3,694,19.8,120.11,8.75,25.2
0.1116,35.0,4.54,0,0.636,5.997,64.3,6.2805,5,609,19.4,57.79,33.62,10.0
5.5719,0.0,17.26,0,0.517,6.529,39.2,6.3809,7,528,12.8,365.94,7.07,32.6
1.9362,0.0,10.91,0,0.396,6.709,92.6,12.0741,1,241,19.2,203.75,2.38,29.7
1.8181,0.0,24.93,0,0.681,5.665,76.9,2.3589,6,666,21.9,247.62,19.89,10.0
5.8775,0.0,8.96,0,0.563,6.326,45.8,10.4716,5,257,14.9,142.09,33.02,15.7
7.425,80.0,19.74,0,0.699,4.878,75.5,10.6005,1,274,15.2,109.87,13.53,8.2
2.4728,0.0,12.72,0,0.433,6.448,97.6,7.1852,3,223,20.2,199.87,6.35,31.8
6.3197,0.0,17.99,0,0.387,6.834,47.2,4.8844,5,683,14.1,117.04,37.35,13.3
3.0314,0.0,16.39,1,0.502,6.104,65.0,6.8115,4,445,18.8,136.6,26.27,17.7
1.5044,80.0,13.03,0,0.604,7.572,92.0,4.3171,3,310,19.7,179.87,32.58,17.7
0.7299,25.0,25.68,0,0.573,5.683,26.4,9.8902,6,229,12.9,200.88,29.0,16.1
4.1303,35.0,9.58,0,0.777,6.452,88.9,6.5811,4,402,17.8,390.68,27.05,21.6
6.4227,25.0,5.2,0,0.565,6.275,11.6,11.2843,5,566,18.0,88.89,15.66,17.0
8.0097,25.0,18.47,0,0.64,6.23,65.5,7.9496,8,708,15.5,193.84,13.47,24.6
0.906,35.0,22.92,0,0.671,6.22,78.7,6.7575,1,476,20.8,59.61,27.73,9.0
3.0774,0.0,1.57,0,0.391,6.375,62.2,8.9218,4,505,14.1,139.12,27.72,21.0
1.5399,35.0,12.42,0,0.632,6.894,50.6,6.6433,1,625,16.0,284.79,36.21,14.4
5.1358,25.0,24.15,0,0.549,7.264,62.5,11.0496,24,659,20.6,69.51,22.34,23.7
0.6621,25.0,20.36,0,0.586,6.298,16.9,3.1289,2,333,14.4,230.87,12.39,23.8
0.1768,12.5,26.78,0,0.429,6.871,23.1,11.8068,8,706,20.3,165.58,,26.3
1.0827,35.0,14.58,0,0.764,5.809,28.5,10.0341,2,459,13.3,20.78,23.98,11.6
0.212,12.5,17.99,0,0.842,6.836,60.6,10.5681,3,674,17.2,370.36,17.19,24.8
1.4133,0.0,8.52,0,0.391,5.767,45.3,6.412,6,248,13.3,164.35,30.42,14.5
1.4636,80.0,25.61,0,0.675,7.063,26.0,10.3092,8,238,19.0,311.21,22.92,18.3
0.3402,0.0,10.21,0,0.754,7.847,88.5,4.4745,2,650,20.0,165.42,2.04,39.7
9.2617,0.0,20.07,0,0.52,6.215,38.6,9.4814,2,539,20.6,372.06,22.39,16.9
0.9065,20.0,11.18,0,0.766,4.765,45.7,2.645,8,278,21.8,115.51,24.7,8.5
3.5903,0.0,15.39,0,0.69,5.916,42.2,4.4776,3,655,18.9,163.8,34.92,10.3
0.6022,35.0,19.57,0,0.835,7.162,19.8,6.0031,2,240,19.8,301.27,16.72,21.4
1.5263,12.5,13.99,0,0.861,6.687,73.7,4.6455,7,544,17.4,136.61,22.55,17.6
0.2707,0.0,24.54,0,0.401,6.474,45.9,5.3572,1,294,21.2,144.82,18.94,22.7
0.3535,80.0,11.61,0,0.598,7.006,3.6,10.1212,8,223,18.7,394.85,21.0,26.6
0.0335,20.0,17.65,0,0.648,6.639,96.5,3.9234,8,609,20.9,220.67,4.14,29.7
4.8461,0.0,9.57,0,0.452,7.152,81.9,9.2981,8,631,14.8,273.71,34.27,20.3
1.0658,25.0,11.32,0,0.545,6.944,72.9,1.9108,3,242,17.3,255.5,34.75,16.1
2.0779,20.0,12.16,0,0.864,7.365,87.2,9.5231,2,235,19.5,328.66,21.59,21.2
2.6068,0.0,3.83,0,0.388,6.551,90.9,9.8123,4,508,14.5,342.1,21.9,27.1
0.5394,35.0,2.93,0,0.602,6.934,,5.5187,4,202,14.6,223.7,3.79,34.0
8.7994,12.5,18.19,0,0.793,6.085,61.9,9.0473,24,577,21.8,117.14,23.41,11.1
1.6399,25.0,17.87,0,0.539,,61.7,11.1665,6,666,16.7,9.36,17.28,18.8
0.2261,80.0,18.07,0,0.615,7.495,28.2,9.9078,24,580,14.3,243.98,27.44,23.2
0.3241,20.0,1.02,0,0.859,6.451,23.8,5.3949,7,307,15.7,327.68,3.41,24.7
1.489,25.0,9.15,0,0.613,6.863,13.2,6.4263,7,286,16.3,179.0,27.51,17.9
0.381,0.0,5.74,0,0.444,6.387,66.6,9.6729,2,543,18.5,65.64,12.11,29.6
0.979,0.0,21.12,0,0.405,5.889,78.5,4.3185,1,219,21.3,114.57,25.36,14.8
2.23,12.5,23.31,0,0.843,6.308,76.6,9.9427,1,468,21.9,202.57,24.46,14.1
0.1245,35.0,7.04,0,0.51,7.305,33.0,4.7088,6,422,18.7,332.13,9.93,26.7
1.0767,20.0,18.2,1,0.627,6.689,22.1,9.9659,2,577,19.2,68.43,17.69,23.8
4.7097,0.0,3.93,0,0.424,5.102,46.5,2.0548,24,293,15.6,243.09,32.03,8.5
0.2236,35.0,7.79,0,0.588,6.149,55.6,1.5884,2,586,20.7,299.09,23.68,14.8
2.9111,35.0,4.17,0,0.836,7.548,92.1,12.0744,24,553,14.6,371.54,4.2,34.9
0.1514,80.0,8.01,1,0.626,6.15,87.7,10.664,7,312,13.6,46.6,17.78,20.7
8.0343,0.0,18.38,0,0.856,5.04,91.8,10.8113,1,373,21.7,367.71,13.02,6.1
0.7626,25.0,24.62,0,0.507,7.625,85.3,11.5641,1,221,20.7,238.85,24.99,26.9
0.7352,20.0,5.87,0,0.627,6.778,96.5,5.9215,4,422,15.5,304.38,24.01,21.8
3.2703,12.5,14.87,0,0.801,6.251,47.6,4.2552,4,323,18.9,21.65,2.08,25.6
6.7781,12.5,19.09,0,0.6,6.04,6.7,2.5303,3,246,17.0,201.05,23.76,14.0
9.5632,0.0,25.75,0,0.517,7.058,10.2,6.6133,5,480,15.6,247.24,28.38,17.9
4.1452,0.0,16.67,0,0.799,5.921,40.2,3.5205,2,484,15.3,122.0,29.6,11.3
5.1828,20.0,7.26,0,0.571,7.104,27.3,11.3911,2,232,13.9,171.5,3.84,38.9
3.2905,80.0,17.08,0,0.64,6.68,18.7,1.144,7,284,17.8,220.14,12.72,25.9
0.5776,35.0,8.99,0,0.858,6.471,95.4,2.6752,24,230,16.8,219.45,16.99,16.9
3.497,0.0,26.37,0,0.471,6.402,21.2,3.8112,3,542,17.4,16.92,8.23,29.0
0.5006,25.0,11.09,0,0.528,6.178,96.0,3.2885,24,364,14.6,174.61,16.97,23.0
2.9675,0.0,18.66,0,0.395,7.032,76.6,3.5836,4,224,21.4,85.12,4.28,35.5
2.3018,25.0,1.12,0,0.572,5.694,64.8,8.3165,4,287,18.6,363.86,5.81,25.2
1.0727,0.0,11.1,0,0.478,5.165,68.2,4.7026,1,698,21.1,387.61,25.97,5.0
2.1304,12.5,23.69,0,0.713,6.73,,7.8653,4,321,13.6,119.15,11.23,28.9
2.7068,25.0,16.67,0,0.469,6.742,65.3,10.8928,5,545,18.5,69.8,27.52,17.3
0.6952,12.5,12.26,1,0.711,6.636,20.3,7.7281,6,432,20.6,87.37,3.45,25.3
1.2542,35.0,25.3,0,0.509,6.585,93.9,8.7399,2,282,15.7,189.79,22.13,22.0
1.2682,20.0,23.13,0,0.554,6.076,31.6,5.1205,2,348,14.4,347.13,15.91,23.7
0.3373,80.0,9.04,0,0.551,,27.0,2.8571,4,194,15.1,198.62,30.63,15.6
0.8689,25.0,14.93,0,0.731,6.268,71.7,4.6264,1,578,15.2,22.29,30.16,15.2
3.0782,0.0,13.48,0,0.609,5.959,66.3,11.7071,2,362,16.8,16.14,15.33,22.2
3.5853,35.0,17.25,0,0.557,6.082,46.2,7.9399,6,448,15.7,90.5,24.3,17.5
1.7218,12.5,9.35,1,0.798,7.714,,4.1526,24,267,15.1,334.55,9.96,30.7
1.7998,20.0,6.97,0,0.66,5.086,17.6,6.0601,6,618,18.7,246.79,22.77,7.7
1.1936,0.0,24.69,0,0.485,6.65,68.0,10.2906,2,301,13.1,223.58,4.65,36.1
3.4999,0.0,24.98,0,0.821,5.125,28.5,8.4529,24,483,15.8,126.82,17.48,8.9
1.2187,20.0,22.85,0,0.548,6.224,28.7,7.2672,5,644,19.1,368.91,8.33,28.2
2.8745,0.0,26.42,0,0.399,5.996,17.9,10.8368,7,560,14.3,131.66,33.77,13.9
1.9203,80.0,20.24,0,0.622,4.84,34.6,8.4968,2,503,14.7,331.44,17.85,13.1
1.8008,35.0,20.76,1,0.441,6.572,34.5,8.17,6,652,14.5,355.62,23.15,19.3
8.6198,25.0,20.71,0,0.497,6.034,46.5,3.1874,1,279,12.6,192.0,14.78,23.8
6.4346,25.0,13.24,0,0.746,4.831,20.7,2.2703,6,691,17.1,354.98,12.18,14.8
2.8618,20.0,12.6,0,0.444,6.888,20.9,11.7166,2,478,13.0,110.09,9.07,30.3
3.5787,0.0,6.87,0,0.775,7.305,55.1,7.6874,24,401,15.2,261.44,34.8,17.7
0.4439,12.5,17.59,0,0.839,7.343,14.6,5.6725,1,321,22.0,35.2,30.72,15.7
1.3905,12.5,8.17,0,0.677,6.551,69.5,7.5792,6,577,21.2,188.27,6.54,24.9
3.9081,80.0,7.33,0,0.728,6.332,94.5,1.7799,2,698,14.6,86.51,28.81,16.8
3.069,0.0,16.03,0,0.73,7.23,43.8,10.1434,7,548,15.5,25.21,16.89,21.6
0.7101,12.5,11.36,0,0.866,7.478,90.3,3.4831,5,204,17.0,1.8,2.26,34.6
9.3175,0.0,6.3,0,0.547,7.093,11.6,9.95,24,432,20.5,129.11,20.88,26.5
0.1151,0.0,22.13,0,0.46,5.641,6.2,6.9782,6,570,20.1,234.12,6.42,27.3
3.3401,0.0,23.31,0,0.634,6.441,72.7,4.1423,4,395,13.8,180.86,,28.6
0.2893,0.0,4.94,0,0.641,6.608,76.6,1.4323,1,592,13.8,120.0,26.97,18.6
7.3719,0.0,0.7,1,0.467,5.033,84.6,10.0742,6,557,16.5,393.41,11.03,17.5
0.2597,0.0,9.41,0,0.68,6.629,7.6,3.0411,4,222,20.8,372.92,34.08,11.2
4.655,0.0,21.63,0,0.387,7.891,78.1,1.6699,1,479,20.9,50.15,25.56,28.4
0.5432,0.0,22.74,0,0.835,6.748,38.9,9.4147,6,277,13.6,164.94,31.91,13.3
13.6216,20.0,4.17,0,0.51,7.331,31.7,4.9505,2,441,18.0,257.64,24.03,25.5
1.7343,0.0,21.02,0,0.399,6.428,19.0,5.3827,3,388,14.1,291.21,33.24,22.1
3.5229,0.0,3.57,0,0.433,6.249,99.6,3.8177,1,609,19.0,145.62,14.83,23.5
2.9382,12.5,10.84,0,0.498,6.567,8.2,10.551,4,641,21.2,296.28,21.63,17.1
2.0097,80.0,26.96,0,0.514,5.729,83.0,4.3706,2,428,16.9,49.56,20.43,14.6
4.3261,25.0,5.6,0,0.396,5.625,64.7,3.4121,1,468,13.4,131.91,34.51,13.7
2.22,80.0,4.58,0,0.517,7.186,74.0,4.5017,4,515,18.0,284.44,7.69,32.6
8.2218,0.0,11.7,0,0.475,7.261,71.7,3.3346,2,530,16.4,248.45,22.68,27.6
0.1831,12.5,16.92,1,0.566,5.606,86.1,4.5942,2,519,20.2,332.34,29.09,8.9
16.0766,12.5,25.22,0,0.569,6.978,20.0,2.0123,5,597,15.8,18.9,15.13,28.5
2.4835,80.0,26.49,0,0.546,6.239,2.1,2.8438,1,701,20.8,69.48,33.19,11.1
0.8845,80.0,2.35,0,0.541,6.538,60.7,5.6876,24,620,15.2,19.55,15.24,24.2
1.7597,80.0,4.16,0,0.424,6.622,36.7,10.7741,5,257,14.1,76.51,7.99,31.2
3.7291,35.0,21.45,0,0.392,6.996,14.1,1.7302,24,436,15.5,2.02,22.9,23.1
2.9905,20.0,7.67,0,0.479,,20.2,3.4394,8,428,12.9,200.28,16.97,29.7
6.2625,20.0,23.95,0,0.751,7.287,34.5,11.0918,24,453,15.2,209.84,,34.3
6.8272,80.0,18.08,0,0.865,6.517,8.9,10.8902,5,463,18.8,261.23,4.24,27.2
2.8366,0.0,3.46,0,0.835,6.737,7.6,8.574,4,563,13.9,152.97,8.79,26.3
4.7229,0.0,22.56,0,0.627,5.717,91.8,3.7452,7,407,13.6,1.59,29.63,10.0
2.0165,80.0,5.17,0,0.641,7.811,32.6,5.7179,1,324,13.8,267.57,34.08,21.9
0.345,12.5,11.72,0,0.534,6.629,98.3,3.4234,8,426,13.3,21.85,21.51,26.3
1.6317,0.0,15.13,0,0.759,6.799,96.5,2.5145,3,634,20.8,343.83,5.53,26.4
0.882,20.0,13.77,0,0.755,5.174,16.0,5.28,1,350,21.5,9.3,21.1,7.1
5.9156,0.0,18.68,0,0.794,5.724,72.1,7.434,3,197,13.0,210.7,32.76,9.2
0.6867,80.0,17.8,1,0.819,7.167,60.9,5.0593,3,698,19.7,355.23,28.91,17.8
3.8223,80.0,26.79,0,0.593,6.501,69.7,7.8191,1,289,19.5,227.36,12.27,28.0
6.8184,0.0,26.98,0,0.756,4.96,11.4,4.3588,7,502,22.0,241.61,6.2,16.0
0.4016,20.0,14.19,0,0.775,7.027,20.5,4.9044,1,606,15.9,270.63,34.39,16.5
2.8481,80.0,3.02,0,0.531,5.919,9.5,9.7974,8,330,15.3,48.86,32.7,14.0
7.8253,25.0,19.79,0,0.835,7.288,61.2,10.7615,5,365,16.9,267.98,3.65,29.3
1.548,0.0,26.38,0,0.426,6.239,98.7,4.6424,7,333,20.7,349.45,31.6,11.7
1.4765,20.0,8.94,0,0.867,6.443,67.9,7.3867,4,265,19.4,386.68,5.23,22.5
1.9921,20.0,12.72,0,0.757,7.125,71.7,4.1598,2,267,17.0,176.03,4.0,29.1
0.6178,25.0,11.76,0,0.426,5.672,98.5,1.6867,2,284,14.9,136.94,29.24,16.2
0.5403,0.0,1.86,0,0.702,5.605,68.4,9.2164,6,427,19.4,299.07,21.17,13.8
9.3212,0.0,18.32,0,0.397,6.162,5.9,2.981,7,465,20.6,215.61,16.75,21.5
7.2029,35.0,9.86,0,0.757,6.879,87.0,5.7828,3,195,16.4,102.36,34.51,7.9
1.7665,0.0,21.37,0,0.772,5.368,37.7,6.4575,4,630,18.9,68.59,32.17,9.5
0.9705,0.0,22.55,0,0.675,5.132,2.4,3.1292,24,541,16.4,67.83,3.79,19.5
4.0325,0.0,22.26,0,0.8,6.877,51.7,2.1401,8,224,17.1,182.42,24.06,23.3
13.0437,0.0,11.54,0,0.428,5.878,93.8,4.9281,4,628,17.5,67.79,29.73,10.0
6.5019,0.0,9.02,0,0.515,6.025,27.2,11.5751,3,202,19.9,8.14,21.68,15.1
1.4583,0.0,20.34,0,0.583,5.0,50.2,7.8665,3,480,21.8,20.98,37.38,5.0
1.9867,35.0,21.74,0,0.401,5.825,19.0,5.2955,5,430,16.8,369.09,26.6,16.9
3.2865,0.0,13.52,1,0.6,6.295,7.7,1.528,6,450,15.8,29.26,5.48,26.1
2.2525,0.0,24.17,0,0.51,6.951,9.9,7.703,2,688,16.1,29.34,8.9,29.3
0.9722,0.0,4.31,0,0.572,5.76,73.2,2.1148,1,672,13.9,179.25,31.69,9.3
0.9635,20.0,23.8,0,0.588,7.46,86.7,7.068,5,333,15.4,97.52,37.88,19.9
3.2493,0.0,3.05,0,0.811,5.821,16.0,9.3715,8,490,13.4,382.11,5.27,25.9
10.479,35.0,4.57,0,0.512,5.822,30.3,5.7594,2,689,16.6,361.6,5.34,29.9
0.575,20.0,14.65,0,0.818,7.376,21.1,4.3935,4,568,14.2,160.83,29.41,18.7
3.5676,35.0,2.29,0,0.589,6.448,4.6,1.6212,2,652,15.9,178.28,4.04,30.8
7.874,25.0,1.9,0,0.541,5.914,56.2,1.3726,3,414,20.1,149.08,4.19,22.5
0.0382,12.5,0.51,0,0.626,6.191,70.6,5.8303,6,335,14.9,15.34,33.96,11.9
1.646,35.0,12.06,0,0.585,7.247,65.5,10.8168,3,454,18.4,116.46,30.76,18.3
4.0438,12.5,21.03,0,0.506,7.326,40.0,3.7847,3,615,21.1,48.97,33.7,18.9
6.8202,80.0,1.42,0,0.626,5.728,56.4,7.4146,24,673,17.9,40.92,25.31,14.9
8.4522,80.0,17.78,0,0.454,6.27,11.2,8.6274,2,546,14.4,222.75,13.41,28.2
1.002,20.0,22.31,0,0.552,6.363,17.1,1.7691,2,557,15.8,39.49,34.6,11.8
0.2118,25.0,4.95,0,0.657,5.61,93.3,2.7841,24,455,18.1,41.14,12.54,21.3
1.0241,0.0,4.39,0,0.583,6.261,76.6,4.744,5,354,17.4,190.88,11.7,24.5
2.4268,35.0,23.31,0,0.784,6.304,92.4,8.471,1,408,14.0,175.72,33.88,10.9
0.7943,25.0,22.31,0,0.506,7.098,91.8,5.9294,4,447,16.8,54.9,26.41,21.2
1.2882,80.0,14.78,0,0.855,7.145,65.6,9.1761,6,614,17.7,2.08,34.21,12.8
4.2569,0.0,22.21,0,0.765,6.07,93.0,10.6436,3,478,15.1,76.85,7.36,28.2
0.0527,35.0,2.96,1,0.854,6.15,42.8,9.4421,5,602,18.4,93.87,36.27,7.4
5.3296,12.5,10.95,0,0.791,6.765,2.4,12.0147,6,201,13.3,317.68,23.94,20.3
0.0634,0.0,20.05,0,0.45,5.89,8.1,9.398,3,583,15.8,363.36,25.95,16.3
2.8726,0.0,7.32,0,0.638,6.712,12.7,10.474,8,452,20.2,161.31,34.88,17.8
0.1772,20.0,20.44,0,0.463,6.238,11.3,10.256,5,710,15.0,160.95,15.52,27.8
0.9601,0.0,13.86,0,0.781,5.621,36.5,9.1329,24,434,18.3,282.88,,7.5
1.7523,0.0,20.38,0,0.666,5.63,70.7,9.9198,1,437,16.5,248.94,24.94,12.3
6.5259,12.5,12.81,0,0.509,7.313,79.5,11.3815,3,253,15.6,73.35,30.3,21.4
0.6475,25.0,10.25,0,0.836,6.191,59.8,6.3273,7,609,21.2,43.03,34.26,7.4
11.6577,0.0,6.31,0,0.436,7.448,16.4,8.1212,24,554,15.8,173.87,26.39,23.7
6.5346,80.0,6.02,0,0.656,5.94,75.3,6.7643,2,638,14.8,224.32,4.16,27.6
0.2376,35.0,20.41,0,0.733,6.504,36.8,10.4614,24,235,21.1,55.33,8.35,27.7
0.0268,20.0,3.65,0,0.409,7.975,3.3,5.845,2,297,19.6,116.63,36.33,19.6
0.5094,80.0,2.78,0,0.673,5.56,29.5,10.117,4,646,19.0,121.65,36.86,5.0
2.9239,12.5,5.17,0,0.78,4.972,34.4,9.8929,3,209,13.1,103.95,36.82,5.0
18.5073,0.0,5.15,0,0.413,7.201,28.9,11.6807,4,453,13.8,183.05,3.04,36.3
1.0656,0.0,22.31,0,0.631,5.721,81.6,3.8381,24,399,18.6,259.31,15.58,22.5
4.1929,80.0,11.06,0,0.507,6.286,76.5,8.9058,7,679,14.6,202.33,29.28,19.2
0.2516,80.0,26.75,0,0.705,5.89,70.2,9.4261,8,635,14.7,80.21,29.03,14.7
4.6842,25.0,4.14,0,0.438,6.488,15.6,11.3991,3,656,19.9,41.14,4.82,29.5
5.9645,0.0,17.82,0,0.839,5.635,81.2,11.0759,24,338,15.3,326.26,23.82,11.0
6.651,0.0,12.39,0,0.818,6.174,68.4,7.4088,4,494,13.3,190.4,6.89,22.1
6.7524,0.0,10.91,0,0.471,6.615,21.1,7.4707,6,553,12.9,24.96,19.6,27.0
4.9365,0.0,23.69,1,0.538,5.594,65.5,2.9402,7,693,16.8,102.69,10.4,22.9
0.2544,0.0,26.35,0,0.668,5.81,49.4,11.8246,6,190,18.4,319.18,3.63,27.7
2.4723,20.0,23.63,0,0.732,6.057,45.1,3.9052,6,698,20.8,298.44,4.6,23.4
1.309,0.0,5.6,1,0.597,5.3,13.0,9.0721,5,373,13.6,347.65,34.77,7.3
1.4054,80.0,6.35,0,0.457,6.004,52.8,9.8537,6,254,14.4,239.1,28.73,16.9
6.7008,12.5,17.89,0,0.431,6.383,11.8,5.9534,24,509,17.6,168.04,35.53,15.4
6.4653,0.0,8.16,0,0.87,6.02,18.1,3.4231,4,596,16.0,169.51,18.76,12.8
3.5082,20.0,19.97,1,0.603,6.11,15.0,3.1786,5,254,17.1,77.26,,22.2
0.7547,35.0,15.51,0,0.808,6.286,95.5,10.5215,2,208,21.3,258.41,14.71,18.6
3.3073,0.0,15.1,0,0.616,5.841,29.9,6.7183,4,656,17.7,232.35,24.07,12.2
0.8623,0.0,22.46,0,0.832,6.784,36.8,2.0915,7,676,16.5,61.74,14.46,19.0
4.4536,0.0,19.33,0,0.423,7.305,33.6,8.9872,6,268,21.9,351.56,28.79,20.8
0.5804,35.0,1.2,0,0.436,5.975,90.0,3.8519,2,660,13.2,146.45,,19.2
3.5513,0.0,1.81,0,0.836,6.64,57.2,10.7403,5,663,21.4,20.05,33.49,13.5
1.4258,25.0,16.44,1,0.844,6.132,92.1,4.5053,8,709,17.3,130.35,10.51,22.1
0.2835,12.5,13.38,0,0.534,6.556,31.4,3.303,2,300,17.3,345.29,20.83,26.3
4.1402,35.0,7.39,0,0.554,7.396,13.3,2.0334,1,490,21.3,363.97,9.81,30.7
0.3808,0.0,11.59,0,0.602,6.656,56.5,6.7268,4,708,17.4,194.8,3.06,33.6
12.8191,80.0,20.58,0,0.584,,35.9,6.0581,6,659,16.7,379.59,27.39,7.1
1.9766,25.0,22.41,0,0.473,6.618,80.6,9.3644,3,503,15.2,347.42,21.63,22.4
1.0654,12.5,15.37,0,0.82,7.163,88.2,6.2106,8,290,18.8,327.59,27.98,16.1
0.5983,0.0,10.71,0,0.504,6.145,48.3,4.882,8,231,18.0,341.26,4.88,23.8
2.1884,80.0,7.67,0,0.726,6.997,97.2,3.9782,5,322,14.6,151.76,37.84,16.9
4.1733,0.0,14.33,0,0.413,5.817,56.2,4.1596,4,221,19.3,300.32,37.79,7.1
5.3286,12.5,8.84,0,0.399,5.26,28.6,11.3063,1,289,18.7,229.28,18.58,14.3
2.6371,12.5,15.45,0,0.7,6.399,49.9,2.9159,8,226,16.3,285.73,33.14,10.0
10.163,0.0,18.43,0,0.546,5.07,5.7,11.9699,24,586,12.6,70.83,10.54,19.5
4.6548,12.5,2.25,0,0.701,6.132,80.8,4.6961,4,496,16.8,290.38,28.47,17.0
0.5353,0.0,0.53,0,0.426,7.201,11.9,2.0723,5,458,12.7,380.08,33.62,26.8
9.7083,0.0,6.13,0,0.845,4.963,32.3,3.8356,7,611,13.3,120.35,31.27,5.0
1.2115,0.0,24.2,0,0.747,5.404,57.4,1.7426,7,402,16.6,391.41,31.17,6.3
10.1999,0.0,17.63,0,0.809,5.578,6.2,9.7903,2,398,13.4,150.38,18.51,12.8
0.9307,12.5,5.06,1,0.447,6.256,9.8,6.7381,7,295,15.2,79.53,31.47,18.5
1.5776,35.0,24.09,0,0.537,6.044,70.2,4.8069,24,420,18.8,44.85,26.77,15.5
3.4385,0.0,12.95,0,0.56,7.279,9.0,8.3825,7,278,15.5,311.62,6.51,33.1
0.2211,0.0,13.12,0,0.643,6.968,48.8,8.0371,5,495,22.0,220.35,5.84,29.5
7.9021,0.0,25.29,0,0.525,6.647,35.2,11.4386,5,709,21.2,122.12,29.72,14.4
1.3459,20.0,2.08,0,0.41,6.402,24.4,11.6739,3,466,18.1,241.62,24.4,23.7
0.7779,0.0,6.2,0,0.561,6.575,20.5,8.5875,6,343,21.7,132.02,20.55,21.1
0.1821,12.5,16.02,0,0.505,5.697,76.8,10.096,3,547,20.8,178.13,34.63,9.5
0.0764,0.0,5.68,0,0.569,6.9,95.3,9.8167,4,616,15.6,342.44,25.64,15.9
0.0875,0.0,18.51,0,0.477,5.522,15.7,6.5043,3,434,19.6,265.3,16.08,17.9
1.1439,12.5,6.17,0,0.508,6.885,96.0,8.849,4,318,13.9,302.67,16.73,32.6
1.0954,12.5,3.13,0,0.687,7.13,60.3,1.9608,4,561,19.0,231.72,23.67,24.1
3.0617,20.0,5.99,0,0.57,6.448,64.9,9.4382,1,285,17.2,393.49,29.3,12.0
6.87,35.0,11.7,1,0.549,6.177,71.6,11.6802,7,709,12.8,96.06,22.19,19.6
3.5177,12.5,5.17,0,0.642,6.58,71.0,2.0347,4,353,15.2,104.34,20.17,19.3
3.2714,35.0,4.07,0,0.758,4.297,82.3,10.2973,24,370,21.6,37.03,28.09,5.0
1.6615,20.0,23.3,0,0.566,6.512,49.4,11.3628,2,567,15.6,220.03,27.3,19.0
2.9041,0.0,8.99,0,0.668,6.221,54.3,3.5881,7,193,14.3,243.57,31.84,11.8
2.4019,0.0,10.06,0,0.853,6.265,33.7,6.8729,2,293,14.4,288.22,3.97,26.9
0.1611,0.0,1.96,0,0.636,6.795,12.3,11.3064,5,252,17.1,133.35,29.1,12.0
0.8062,20.0,9.97,0,0.826,6.248,67.1,11.6625,5,391,20.5,5.18,20.35,13.1
0.7778,0.0,7.52,0,0.769,5.502,5.3,2.5067,5,477,19.7,251.05,4.41,20.9
0.2306,80.0,16.68,0,0.409,6.201,29.0,4.939,6,281,16.7,396.38,26.35,20.5
1.3723,12.5,5.94,0,0.59,6.347,11.2,8.7796,8,367,14.6,117.13,27.71,13.2
0.1779,35.0,24.04,0,0.722,6.38,20.7,3.5371,3,591,13.0,73.26,20.71,19.9
4.5129,25.0,25.14,0,0.863,6.413,64.6,4.6725,8,679,16.9,112.06,30.51,13.9
4.6193,0.0,3.15,0,0.605,7.028,63.6,1.3562,2,194,20.3,169.03,12.6,23.6
0.3232,0.0,3.35,1,0.425,5.54,43.3,2.7887,3,515,19.5,99.83,9.03,23.2
0.2585,25.0,3.56,0,0.655,6.423,10.8,7.2856,3,200,16.4,137.92,14.43,23.8
9.3892,0.0,16.92,0,0.442,7.203,44.5,8.284,24,459,18.2,253.42,16.58,32.0
0.9411,0.0,3.73,0,0.748,5.086,36.6,8.238,2,647,16.7,137.15,26.96,7.0
2.1136,80.0,23.09,0,0.629,6.426,72.6,9.662,4,605,18.0,157.39,32.39,12.9
1.8442,12.5,20.49,0,0.734,5.89,58.7,5.6681,4,308,17.5,16.2,27.87,13.4
3.8197,0.0,22.22,0,0.806,6.041,50.2,4.1084,8,322,19.0,364.36,8.02,18.7
3.1096,12.5,14.44,0,0.688,5.667,49.7,1.2714,5,597,17.4,161.68,14.99,17.3
6.8655,12.5,26.91,0,0.68,6.181,,3.3729,24,616,21.4,130.46,7.45,22.0
0.5655,35.0,1.67,1,0.75,7.589,76.1,4.5363,7,334,16.6,34.62,26.63,22.4
3.0978,25.0,11.13,0,0.793,5.415,50.7,3.0603,7,188,12.7,251.82,10.71,21.3
1.2893,0.0,9.08,0,0.806,5.481,49.0,1.3216,7,419,14.8,342.9,20.77,14.6
2.1445,0.0,25.64,0,0.398,5.389,4.6,2.8319,2,511,17.3,16.64,30.44,9.6
12.4336,20.0,15.79,0,0.653,7.509,94.4,8.4271,5,419,17.7,57.93,26.06,22.6
1.6235,0.0,21.86,0,0.486,5.976,33.3,8.0254,6,676,17.8,58.38,12.53,26.6
3.5372,0.0,5.01,0,0.802,6.282,27.1,11.3925,2,613,19.3,239.17,13.78,18.0
1.9206,0.0,26.43,0,0.698,6.018,99.9,9.8799,2,599,15.2,365.66,25.42,15.4
0.5893,0.0,13.71,0,0.586,5.639,72.4,7.3453,2,197,18.9,173.93,21.65,14.3
0.0589,80.0,13.58,0,0.472,6.135,6.6,2.6131,8,634,19.2,136.67,5.2,27.9
4.6792,0.0,26.23,0,0.546,8.021,8.1,7.3048,6,582,16.5,304.04,33.43,20.2
0.2869,0.0,10.59,0,0.725,7.274,4.5,1.7775,3,395,16.4,294.81,20.31,27.8
